source_url,target_url,status_code,preserve_query_string,subpath_matching
hellomycab.com/,https://www.hellomycabs.com/,301,false,false
hellomycab.com/about-us/,https://www.hellomycabs.com/about,301,false,false
hellomycab.com/about-us,https://www.hellomycabs.com/about,301,false,false
hellomycab.com/our-routes/,https://www.hellomycabs.com/routes,301,false,false
hellomycab.com/our-routes,https://www.hellomycabs.com/routes,301,false,false
hellomycab.com/blog/,https://www.hellomycabs.com/guides,301,false,false
hellomycab.com/blog,https://www.hellomycabs.com/guides,301,false,false
hellomycab.com/contact-us/,https://www.hellomycabs.com/contact,301,false,false
hellomycab.com/contact-us,https://www.hellomycabs.com/contact,301,false,false
hellomycab.com/jaipur-to-delhi-taxi-service/,https://www.hellomycabs.com/jaipur-to-delhi-cab,301,false,false
hellomycab.com/jaipur-to-delhi-taxi-service,https://www.hellomycabs.com/jaipur-to-delhi-cab,301,false,false
hellomycab.com/delhi-to-agra-taxi/,https://www.hellomycabs.com/delhi-to-agra-cab,301,false,false
hellomycab.com/delhi-to-agra-taxi,https://www.hellomycabs.com/delhi-to-agra-cab,301,false,false
hellomycab.com/delhi-to-ajmer/,https://www.hellomycabs.com/delhi-to-ajmer-cab,301,false,false
hellomycab.com/delhi-to-ajmer,https://www.hellomycabs.com/delhi-to-ajmer-cab,301,false,false
hellomycab.com/delhi-to-bikaner/,https://www.hellomycabs.com/cab-service-in-delhi,301,false,false
hellomycab.com/delhi-to-bikaner,https://www.hellomycabs.com/cab-service-in-delhi,301,false,false
hellomycab.com/delhi-to-chandigarh/,https://www.hellomycabs.com/delhi-to-chandigarh-cab,301,false,false
hellomycab.com/delhi-to-chandigarh,https://www.hellomycabs.com/delhi-to-chandigarh-cab,301,false,false
hellomycab.com/delhi-to-lucknow/,https://www.hellomycabs.com/cab-service-in-delhi,301,false,false
hellomycab.com/delhi-to-lucknow,https://www.hellomycabs.com/cab-service-in-delhi,301,false,false
hellomycab.com/delhi-to-khatu-shyam-ji-taxi-service/,https://www.hellomycabs.com/cab-service-in-delhi,301,false,false
hellomycab.com/delhi-to-khatu-shyam-ji-taxi-service,https://www.hellomycabs.com/cab-service-in-delhi,301,false,false
hellomycab.com/jaipur-to-agra/,https://www.hellomycabs.com/jaipur-to-agra-cab,301,false,false
hellomycab.com/jaipur-to-agra,https://www.hellomycabs.com/jaipur-to-agra-cab,301,false,false
hellomycab.com/delhi-to-jodhpur/,https://www.hellomycabs.com/cab-service-in-delhi,301,false,false
hellomycab.com/delhi-to-jodhpur,https://www.hellomycabs.com/cab-service-in-delhi,301,false,false
hellomycab.com/delhi-to-kota/,https://www.hellomycabs.com/delhi-to-kota-cab,301,false,false
hellomycab.com/delhi-to-kota,https://www.hellomycabs.com/delhi-to-kota-cab,301,false,false
hellomycab.com/delhi-to-udaipur/,https://www.hellomycabs.com/cab-service-in-delhi,301,false,false
hellomycab.com/delhi-to-udaipur,https://www.hellomycabs.com/cab-service-in-delhi,301,false,false
hellomycab.com/delhi-to-haridwar/,https://www.hellomycabs.com/delhi-to-haridwar-cab,301,false,false
hellomycab.com/delhi-to-haridwar,https://www.hellomycabs.com/delhi-to-haridwar-cab,301,false,false
hellomycab.com/delhi-to-tonk/,https://www.hellomycabs.com/cab-service-in-delhi,301,false,false
hellomycab.com/delhi-to-tonk,https://www.hellomycabs.com/cab-service-in-delhi,301,false,false
hellomycab.com/delhi-to-jaipur-taxi/,https://www.hellomycabs.com/delhi-to-jaipur-cab,301,false,false
hellomycab.com/delhi-to-jaipur-taxi,https://www.hellomycabs.com/delhi-to-jaipur-cab,301,false,false
hellomycab.com/noida-to-jaipur/,https://www.hellomycabs.com/noida-to-jaipur-cab,301,false,false
hellomycab.com/noida-to-jaipur,https://www.hellomycabs.com/noida-to-jaipur-cab,301,false,false
hellomycab.com/ghaziabad-to-jaipur/,https://www.hellomycabs.com/noida-to-jaipur-cab,301,false,false
hellomycab.com/ghaziabad-to-jaipur,https://www.hellomycabs.com/noida-to-jaipur-cab,301,false,false
hellomycab.com/faridabad-to-jaipur/,https://www.hellomycabs.com/delhi-to-jaipur-cab,301,false,false
hellomycab.com/faridabad-to-jaipur,https://www.hellomycabs.com/delhi-to-jaipur-cab,301,false,false
hellomycab.com/gurugram-to-jaipur/,https://www.hellomycabs.com/delhi-to-jaipur-cab,301,false,false
hellomycab.com/gurugram-to-jaipur,https://www.hellomycabs.com/delhi-to-jaipur-cab,301,false,false
hellomycab.com/jaipur-to-udaipur-taxi/,https://www.hellomycabs.com/jaipur-to-udaipur-cab,301,false,false
hellomycab.com/jaipur-to-udaipur-taxi,https://www.hellomycabs.com/jaipur-to-udaipur-cab,301,false,false
hellomycab.com/jaipur-to-ajmer-one-way-taxi/,https://www.hellomycabs.com/jaipur-to-ajmer-cab,301,false,false
hellomycab.com/jaipur-to-ajmer-one-way-taxi,https://www.hellomycabs.com/jaipur-to-ajmer-cab,301,false,false
hellomycab.com/jaipur-to-pushkar-taxi/,https://www.hellomycabs.com/cab-service-in-jaipur,301,false,false
hellomycab.com/jaipur-to-pushkar-taxi,https://www.hellomycabs.com/cab-service-in-jaipur,301,false,false
hellomycab.com/jaipur-to-bhilwara-one-way-taxi/,https://www.hellomycabs.com/cab-service-in-jaipur,301,false,false
hellomycab.com/jaipur-to-bhilwara-one-way-taxi,https://www.hellomycabs.com/cab-service-in-jaipur,301,false,false
hellomycab.com/jaipur-to-beawar-one-way-taxi/,https://www.hellomycabs.com/cab-service-in-jaipur,301,false,false
hellomycab.com/jaipur-to-beawar-one-way-taxi,https://www.hellomycabs.com/cab-service-in-jaipur,301,false,false
hellomycab.com/jaipur-to-tonk-one-way-taxi/,https://www.hellomycabs.com/cab-service-in-jaipur,301,false,false
hellomycab.com/jaipur-to-tonk-one-way-taxi,https://www.hellomycabs.com/cab-service-in-jaipur,301,false,false
hellomycab.com/jaipur-to-niwai-one-way-taxi/,https://www.hellomycabs.com/cab-service-in-jaipur,301,false,false
hellomycab.com/jaipur-to-niwai-one-way-taxi,https://www.hellomycabs.com/cab-service-in-jaipur,301,false,false
hellomycab.com/jaipur-to-ranthambore-one-way-taxi/,https://www.hellomycabs.com/cab-service-in-jaipur,301,false,false
hellomycab.com/jaipur-to-ranthambore-one-way-taxi,https://www.hellomycabs.com/cab-service-in-jaipur,301,false,false
hellomycab.com/jaipur-to-bundi-one-way-taxi/,https://www.hellomycabs.com/cab-service-in-jaipur,301,false,false
hellomycab.com/jaipur-to-bundi-one-way-taxi,https://www.hellomycabs.com/cab-service-in-jaipur,301,false,false
hellomycab.com/jaipur-to-kota-one-way-taxi/,https://www.hellomycabs.com/jaipur-to-kota-cab,301,false,false
hellomycab.com/jaipur-to-kota-one-way-taxi,https://www.hellomycabs.com/jaipur-to-kota-cab,301,false,false
hellomycab.com/jaipur-to-jhalawar-one-way-taxi/,https://www.hellomycabs.com/cab-service-in-jaipur,301,false,false
hellomycab.com/jaipur-to-jhalawar-one-way-taxi,https://www.hellomycabs.com/cab-service-in-jaipur,301,false,false
hellomycab.com/jaipur-to-malpura/,https://www.hellomycabs.com/cab-service-in-jaipur,301,false,false
hellomycab.com/jaipur-to-malpura,https://www.hellomycabs.com/cab-service-in-jaipur,301,false,false
hellomycab.com/jaipur-to-dewali/,https://www.hellomycabs.com/cab-service-in-jaipur,301,false,false
hellomycab.com/jaipur-to-dewali,https://www.hellomycabs.com/cab-service-in-jaipur,301,false,false
hellomycab.com/jaipur-to-manhorpur/,https://www.hellomycabs.com/cab-service-in-jaipur,301,false,false
hellomycab.com/jaipur-to-manhorpur,https://www.hellomycabs.com/cab-service-in-jaipur,301,false,false
hellomycab.com/jaipur-to-kotputli/,https://www.hellomycabs.com/cab-service-in-jaipur,301,false,false
hellomycab.com/jaipur-to-kotputli,https://www.hellomycabs.com/cab-service-in-jaipur,301,false,false
hellomycab.com/jaipur-to-alwar/,https://www.hellomycabs.com/cab-service-in-jaipur,301,false,false
hellomycab.com/jaipur-to-alwar,https://www.hellomycabs.com/cab-service-in-jaipur,301,false,false
hellomycab.com/jaipur-to-bharatpur-taxi/,https://www.hellomycabs.com/cab-service-in-jaipur,301,false,false
hellomycab.com/jaipur-to-bharatpur-taxi,https://www.hellomycabs.com/cab-service-in-jaipur,301,false,false
hellomycab.com/jaipur-to-dholpur/,https://www.hellomycabs.com/cab-service-in-jaipur,301,false,false
hellomycab.com/jaipur-to-dholpur,https://www.hellomycabs.com/cab-service-in-jaipur,301,false,false
hellomycab.com/jaipur-to-dausa-taxi/,https://www.hellomycabs.com/cab-service-in-jaipur,301,false,false
hellomycab.com/jaipur-to-dausa-taxi,https://www.hellomycabs.com/cab-service-in-jaipur,301,false,false
hellomycab.com/jaipur-to-behror/,https://www.hellomycabs.com/cab-service-in-jaipur,301,false,false
hellomycab.com/jaipur-to-behror,https://www.hellomycabs.com/cab-service-in-jaipur,301,false,false
hellomycab.com/jaipur-to-sikar/,https://www.hellomycabs.com/jaipur-to-sikar-cab,301,false,false
hellomycab.com/jaipur-to-sikar,https://www.hellomycabs.com/jaipur-to-sikar-cab,301,false,false
hellomycab.com/jaipur-to-khatushyamji/,https://www.hellomycabs.com/cab-service-in-jaipur,301,false,false
hellomycab.com/jaipur-to-khatushyamji,https://www.hellomycabs.com/cab-service-in-jaipur,301,false,false
hellomycab.com/jaipur-to-chomu-taxi/,https://www.hellomycabs.com/cab-service-in-jaipur,301,false,false
hellomycab.com/jaipur-to-chomu-taxi,https://www.hellomycabs.com/cab-service-in-jaipur,301,false,false
hellomycab.com/jaipur-to-bikaner-taxi/,https://www.hellomycabs.com/cab-service-in-jaipur,301,false,false
hellomycab.com/jaipur-to-bikaner-taxi,https://www.hellomycabs.com/cab-service-in-jaipur,301,false,false
hellomycab.com/jaipur-to-jodhpur/,https://www.hellomycabs.com/jaipur-to-jodhpur-cab,301,false,false
hellomycab.com/jaipur-to-jodhpur,https://www.hellomycabs.com/jaipur-to-jodhpur-cab,301,false,false
hellomycab.com/jaipur-to-pali/,https://www.hellomycabs.com/cab-service-in-jaipur,301,false,false
hellomycab.com/jaipur-to-pali,https://www.hellomycabs.com/cab-service-in-jaipur,301,false,false
hellomycab.com/jaipur-to-sosajet/,https://www.hellomycabs.com/cab-service-in-jaipur,301,false,false
hellomycab.com/jaipur-to-sosajet,https://www.hellomycabs.com/cab-service-in-jaipur,301,false,false
hellomycab.com/jaipur-to-jaisalmer-taxi/,https://www.hellomycabs.com/cab-service-in-jaipur,301,false,false
hellomycab.com/jaipur-to-jaisalmer-taxi,https://www.hellomycabs.com/cab-service-in-jaipur,301,false,false
hellomycab.com/jaipur-to-ahmedabad-taxi/,https://www.hellomycabs.com/cab-service-in-jaipur,301,false,false
hellomycab.com/jaipur-to-ahmedabad-taxi,https://www.hellomycabs.com/cab-service-in-jaipur,301,false,false
hellomycab.com/jaipur-to-haridwar-taxi/,https://www.hellomycabs.com/jaipur-to-haridwar-cab,301,false,false
hellomycab.com/jaipur-to-haridwar-taxi,https://www.hellomycabs.com/jaipur-to-haridwar-cab,301,false,false
hellomycab.com/jaipur-to-lucknow/,https://www.hellomycabs.com/cab-service-in-jaipur,301,false,false
hellomycab.com/jaipur-to-lucknow,https://www.hellomycabs.com/cab-service-in-jaipur,301,false,false
hellomycab.com/jaipur-to-kanpur/,https://www.hellomycabs.com/cab-service-in-jaipur,301,false,false
hellomycab.com/jaipur-to-kanpur,https://www.hellomycabs.com/cab-service-in-jaipur,301,false,false
hellomycab.com/jaipur-to-bareilly/,https://www.hellomycabs.com/cab-service-in-jaipur,301,false,false
hellomycab.com/jaipur-to-bareilly,https://www.hellomycabs.com/cab-service-in-jaipur,301,false,false
hellomycab.com/jaipur-to-aligarh/,https://www.hellomycabs.com/cab-service-in-jaipur,301,false,false
hellomycab.com/jaipur-to-aligarh,https://www.hellomycabs.com/cab-service-in-jaipur,301,false,false
hellomycab.com/jaipur-to-rishikesh/,https://www.hellomycabs.com/cab-service-in-jaipur,301,false,false
hellomycab.com/jaipur-to-rishikesh,https://www.hellomycabs.com/cab-service-in-jaipur,301,false,false
hellomycab.com/jaipur-to-meerut/,https://www.hellomycabs.com/cab-service-in-jaipur,301,false,false
hellomycab.com/jaipur-to-meerut,https://www.hellomycabs.com/cab-service-in-jaipur,301,false,false
hellomycab.com/jaipur-to-ganganagar/,https://www.hellomycabs.com/cab-service-in-jaipur,301,false,false
hellomycab.com/jaipur-to-ganganagar,https://www.hellomycabs.com/cab-service-in-jaipur,301,false,false
hellomycab.com/jaipur-to-jhunjhunu/,https://www.hellomycabs.com/cab-service-in-jaipur,301,false,false
hellomycab.com/jaipur-to-jhunjhunu,https://www.hellomycabs.com/cab-service-in-jaipur,301,false,false
hellomycab.com/jaipur-to-pilani/,https://www.hellomycabs.com/cab-service-in-jaipur,301,false,false
hellomycab.com/jaipur-to-pilani,https://www.hellomycabs.com/cab-service-in-jaipur,301,false,false
hellomycab.com/ajmer-to-pushkar-one-way-taxi/,https://www.hellomycabs.com/cab-service-in-ajmer,301,false,false
hellomycab.com/ajmer-to-pushkar-one-way-taxi,https://www.hellomycabs.com/cab-service-in-ajmer,301,false,false
hellomycab.com/ajmer-to-bhilwara-one-way-taxi/,https://www.hellomycabs.com/cab-service-in-ajmer,301,false,false
hellomycab.com/ajmer-to-bhilwara-one-way-taxi,https://www.hellomycabs.com/cab-service-in-ajmer,301,false,false
hellomycab.com/ajmer-to-beawar-one-way-taxi/,https://www.hellomycabs.com/cab-service-in-ajmer,301,false,false
hellomycab.com/ajmer-to-beawar-one-way-taxi,https://www.hellomycabs.com/cab-service-in-ajmer,301,false,false
hellomycab.com/ajmer-to-tonk-one-way-taxi/,https://www.hellomycabs.com/cab-service-in-ajmer,301,false,false
hellomycab.com/ajmer-to-tonk-one-way-taxi,https://www.hellomycabs.com/cab-service-in-ajmer,301,false,false
hellomycab.com/ajmer-to-niwai-one-way-taxi/,https://www.hellomycabs.com/cab-service-in-ajmer,301,false,false
hellomycab.com/ajmer-to-niwai-one-way-taxi,https://www.hellomycabs.com/cab-service-in-ajmer,301,false,false
hellomycab.com/ajmer-to-ranthambore-one-way-taxi/,https://www.hellomycabs.com/cab-service-in-ajmer,301,false,false
hellomycab.com/ajmer-to-ranthambore-one-way-taxi,https://www.hellomycabs.com/cab-service-in-ajmer,301,false,false
hellomycab.com/ajmer-to-bundi-one-way-taxi/,https://www.hellomycabs.com/cab-service-in-ajmer,301,false,false
hellomycab.com/ajmer-to-bundi-one-way-taxi,https://www.hellomycabs.com/cab-service-in-ajmer,301,false,false
hellomycab.com/ajmer-to-kota-one-way-taxi/,https://www.hellomycabs.com/ajmer-to-kota-cab,301,false,false
hellomycab.com/ajmer-to-kota-one-way-taxi,https://www.hellomycabs.com/ajmer-to-kota-cab,301,false,false
hellomycab.com/ajmer-to-jhalwer-one-way-taxi/,https://www.hellomycabs.com/cab-service-in-ajmer,301,false,false
hellomycab.com/ajmer-to-jhalwer-one-way-taxi,https://www.hellomycabs.com/cab-service-in-ajmer,301,false,false
hellomycab.com/ajmer-to-malpura/,https://www.hellomycabs.com/cab-service-in-ajmer,301,false,false
hellomycab.com/ajmer-to-malpura,https://www.hellomycabs.com/cab-service-in-ajmer,301,false,false
hellomycab.com/ajmer-to-dewali/,https://www.hellomycabs.com/cab-service-in-ajmer,301,false,false
hellomycab.com/ajmer-to-dewali,https://www.hellomycabs.com/cab-service-in-ajmer,301,false,false
hellomycab.com/ajmer-to-manoharpur/,https://www.hellomycabs.com/cab-service-in-ajmer,301,false,false
hellomycab.com/ajmer-to-manoharpur,https://www.hellomycabs.com/cab-service-in-ajmer,301,false,false
hellomycab.com/ajmer-to-kotputli/,https://www.hellomycabs.com/cab-service-in-ajmer,301,false,false
hellomycab.com/ajmer-to-kotputli,https://www.hellomycabs.com/cab-service-in-ajmer,301,false,false
hellomycab.com/ajmer-to-alwar-taxi/,https://www.hellomycabs.com/cab-service-in-ajmer,301,false,false
hellomycab.com/ajmer-to-alwar-taxi,https://www.hellomycabs.com/cab-service-in-ajmer,301,false,false
hellomycab.com/ajmer-to-bharatpur-taxi/,https://www.hellomycabs.com/cab-service-in-ajmer,301,false,false
hellomycab.com/ajmer-to-bharatpur-taxi,https://www.hellomycabs.com/cab-service-in-ajmer,301,false,false
hellomycab.com/ajmer-to-dholpur/,https://www.hellomycabs.com/cab-service-in-ajmer,301,false,false
hellomycab.com/ajmer-to-dholpur,https://www.hellomycabs.com/cab-service-in-ajmer,301,false,false
hellomycab.com/ajmer-to-dausa/,https://www.hellomycabs.com/cab-service-in-ajmer,301,false,false
hellomycab.com/ajmer-to-dausa,https://www.hellomycabs.com/cab-service-in-ajmer,301,false,false
hellomycab.com/ajmer-to-behror-taxi/,https://www.hellomycabs.com/cab-service-in-ajmer,301,false,false
hellomycab.com/ajmer-to-behror-taxi,https://www.hellomycabs.com/cab-service-in-ajmer,301,false,false
hellomycab.com/ajmer-to-sikar-taxi-service/,https://www.hellomycabs.com/ajmer-to-sikar-cab,301,false,false
hellomycab.com/ajmer-to-sikar-taxi-service,https://www.hellomycabs.com/ajmer-to-sikar-cab,301,false,false
hellomycab.com/ajmer-to-khatushyamji/,https://www.hellomycabs.com/cab-service-in-ajmer,301,false,false
hellomycab.com/ajmer-to-khatushyamji,https://www.hellomycabs.com/cab-service-in-ajmer,301,false,false
hellomycab.com/ajmer-to-chomu/,https://www.hellomycabs.com/cab-service-in-ajmer,301,false,false
hellomycab.com/ajmer-to-chomu,https://www.hellomycabs.com/cab-service-in-ajmer,301,false,false
hellomycab.com/ajmer-to-bikaner-taxi/,https://www.hellomycabs.com/cab-service-in-ajmer,301,false,false
hellomycab.com/ajmer-to-bikaner-taxi,https://www.hellomycabs.com/cab-service-in-ajmer,301,false,false
hellomycab.com/ajmer-to-jodhpur/,https://www.hellomycabs.com/cab-service-in-ajmer,301,false,false
hellomycab.com/ajmer-to-jodhpur,https://www.hellomycabs.com/cab-service-in-ajmer,301,false,false
hellomycab.com/ajmer-to-pali/,https://www.hellomycabs.com/cab-service-in-ajmer,301,false,false
hellomycab.com/ajmer-to-pali,https://www.hellomycabs.com/cab-service-in-ajmer,301,false,false
hellomycab.com/ajmer-to-sosajet/,https://www.hellomycabs.com/cab-service-in-ajmer,301,false,false
hellomycab.com/ajmer-to-sosajet,https://www.hellomycabs.com/cab-service-in-ajmer,301,false,false
hellomycab.com/ajmer-to-jasilmer/,https://www.hellomycabs.com/cab-service-in-ajmer,301,false,false
hellomycab.com/ajmer-to-jasilmer,https://www.hellomycabs.com/cab-service-in-ajmer,301,false,false
hellomycab.com/ajmer-to-udaipur/,https://www.hellomycabs.com/cab-service-in-ajmer,301,false,false
hellomycab.com/ajmer-to-udaipur,https://www.hellomycabs.com/cab-service-in-ajmer,301,false,false
hellomycab.com/ajmer-to-ahemdabad-taxi/,https://www.hellomycabs.com/cab-service-in-ajmer,301,false,false
hellomycab.com/ajmer-to-ahemdabad-taxi,https://www.hellomycabs.com/cab-service-in-ajmer,301,false,false
hellomycab.com/ajmer-to-haridwar/,https://www.hellomycabs.com/ajmer-to-haridwar-cab,301,false,false
hellomycab.com/ajmer-to-haridwar,https://www.hellomycabs.com/ajmer-to-haridwar-cab,301,false,false
hellomycab.com/ajmer-to-lucknow-taxi-service/,https://www.hellomycabs.com/cab-service-in-ajmer,301,false,false
hellomycab.com/ajmer-to-lucknow-taxi-service,https://www.hellomycabs.com/cab-service-in-ajmer,301,false,false
hellomycab.com/ajmer-to-kanpur/,https://www.hellomycabs.com/cab-service-in-ajmer,301,false,false
hellomycab.com/ajmer-to-kanpur,https://www.hellomycabs.com/cab-service-in-ajmer,301,false,false
hellomycab.com/ajmer-to-bareilly-taxi/,https://www.hellomycabs.com/cab-service-in-ajmer,301,false,false
hellomycab.com/ajmer-to-bareilly-taxi,https://www.hellomycabs.com/cab-service-in-ajmer,301,false,false
hellomycab.com/ajmer-to-aligarh/,https://www.hellomycabs.com/cab-service-in-ajmer,301,false,false
hellomycab.com/ajmer-to-aligarh,https://www.hellomycabs.com/cab-service-in-ajmer,301,false,false
hellomycab.com/ajmer-to-rishikesh/,https://www.hellomycabs.com/cab-service-in-ajmer,301,false,false
hellomycab.com/ajmer-to-rishikesh,https://www.hellomycabs.com/cab-service-in-ajmer,301,false,false
hellomycab.com/ajmer-to-meerut/,https://www.hellomycabs.com/cab-service-in-ajmer,301,false,false
hellomycab.com/ajmer-to-meerut,https://www.hellomycabs.com/cab-service-in-ajmer,301,false,false
hellomycab.com/ajmer-to-ganganagar/,https://www.hellomycabs.com/cab-service-in-ajmer,301,false,false
hellomycab.com/ajmer-to-ganganagar,https://www.hellomycabs.com/cab-service-in-ajmer,301,false,false
hellomycab.com/ajmer-to-jhunjhunu-taxi/,https://www.hellomycabs.com/cab-service-in-ajmer,301,false,false
hellomycab.com/ajmer-to-jhunjhunu-taxi,https://www.hellomycabs.com/cab-service-in-ajmer,301,false,false
hellomycab.com/ajmer-to-palani/,https://www.hellomycabs.com/cab-service-in-ajmer,301,false,false
hellomycab.com/ajmer-to-palani,https://www.hellomycabs.com/cab-service-in-ajmer,301,false,false
hellomycab.com/taxi-service-in-ajmer/,https://www.hellomycabs.com/cab-service-in-ajmer,301,false,false
hellomycab.com/taxi-service-in-ajmer,https://www.hellomycabs.com/cab-service-in-ajmer,301,false,false
hellomycab.com/jaipur-taxi-service/,https://www.hellomycabs.com/cab-service-in-jaipur,301,false,false
hellomycab.com/jaipur-taxi-service,https://www.hellomycabs.com/cab-service-in-jaipur,301,false,false
hellomycab.com/kota/,https://www.hellomycabs.com/cab-service-in-kota,301,false,false
hellomycab.com/kota,https://www.hellomycabs.com/cab-service-in-kota,301,false,false
hellomycab.com/kota-to-jaipur-taxi-service/,https://www.hellomycabs.com/kota-to-jaipur-cab,301,false,false
hellomycab.com/kota-to-jaipur-taxi-service,https://www.hellomycabs.com/kota-to-jaipur-cab,301,false,false
hellomycab.com/kota-to-jodhpur-taxi/,https://www.hellomycabs.com/cab-service-in-kota,301,false,false
hellomycab.com/kota-to-jodhpur-taxi,https://www.hellomycabs.com/cab-service-in-kota,301,false,false
hellomycab.com/kota-to-udaipur-taxi/,https://www.hellomycabs.com/cab-service-in-kota,301,false,false
hellomycab.com/kota-to-udaipur-taxi,https://www.hellomycabs.com/cab-service-in-kota,301,false,false
hellomycab.com/kota-to-delhi-taxi/,https://www.hellomycabs.com/kota-to-delhi-cab,301,false,false
hellomycab.com/kota-to-delhi-taxi,https://www.hellomycabs.com/kota-to-delhi-cab,301,false,false
hellomycab.com/kota-to-haridwar-taxi/,https://www.hellomycabs.com/kota-to-haridwar-cab,301,false,false
hellomycab.com/kota-to-haridwar-taxi,https://www.hellomycabs.com/kota-to-haridwar-cab,301,false,false
hellomycab.com/kota-to-ajmer-taxi/,https://www.hellomycabs.com/kota-to-ajmer-cab,301,false,false
hellomycab.com/kota-to-ajmer-taxi,https://www.hellomycabs.com/kota-to-ajmer-cab,301,false,false
hellomycab.com/kota-to-bikaner-taxi/,https://www.hellomycabs.com/cab-service-in-kota,301,false,false
hellomycab.com/kota-to-bikaner-taxi,https://www.hellomycabs.com/cab-service-in-kota,301,false,false
hellomycab.com/kota-to-ahemdabad-taxi/,https://www.hellomycabs.com/cab-service-in-kota,301,false,false
hellomycab.com/kota-to-ahemdabad-taxi,https://www.hellomycabs.com/cab-service-in-kota,301,false,false
hellomycab.com/kota-to-sikar-taxi/,https://www.hellomycabs.com/kota-to-sikar-cab,301,false,false
hellomycab.com/kota-to-sikar-taxi,https://www.hellomycabs.com/kota-to-sikar-cab,301,false,false
hellomycab.com/kota-to-pali-taxi/,https://www.hellomycabs.com/cab-service-in-kota,301,false,false
hellomycab.com/kota-to-pali-taxi,https://www.hellomycabs.com/cab-service-in-kota,301,false,false
hellomycab.com/kota-to-bhilwara-taxi/,https://www.hellomycabs.com/cab-service-in-kota,301,false,false
hellomycab.com/kota-to-bhilwara-taxi,https://www.hellomycabs.com/cab-service-in-kota,301,false,false
hellomycab.com/kota-to-jaisalmer-taxi/,https://www.hellomycabs.com/cab-service-in-kota,301,false,false
hellomycab.com/kota-to-jaisalmer-taxi,https://www.hellomycabs.com/cab-service-in-kota,301,false,false
hellomycab.com/kota-to-bhopal-taxi/,https://www.hellomycabs.com/cab-service-in-kota,301,false,false
hellomycab.com/kota-to-bhopal-taxi,https://www.hellomycabs.com/cab-service-in-kota,301,false,false
hellomycab.com/kota-to-indore-taxi/,https://www.hellomycabs.com/cab-service-in-kota,301,false,false
hellomycab.com/kota-to-indore-taxi,https://www.hellomycabs.com/cab-service-in-kota,301,false,false
hellomycab.com/jaipur-to-delhi-taxi-service-one-way-round-trip-cabs-at-best-prices/,https://www.hellomycabs.com/jaipur-to-delhi-cab,301,false,false
hellomycab.com/jaipur-to-delhi-taxi-service-one-way-round-trip-cabs-at-best-prices,https://www.hellomycabs.com/jaipur-to-delhi-cab,301,false,false
hellomycab.com/book-one-way-taxi-services-at-lowest-fare-hellomycab-com/,https://www.hellomycabs.com/guides/one-way-or-round-trip,301,false,false
hellomycab.com/book-one-way-taxi-services-at-lowest-fare-hellomycab-com,https://www.hellomycabs.com/guides/one-way-or-round-trip,301,false,false
hellomycab.com/jaipur-airport-taxi-cabs-to-from-airport-local-outstation-hellomycab-com/,https://www.hellomycabs.com/cab-service-in-jaipur,301,false,false
hellomycab.com/jaipur-airport-taxi-cabs-to-from-airport-local-outstation-hellomycab-com,https://www.hellomycabs.com/cab-service-in-jaipur,301,false,false
hellomycab.com/taxi-services-in-jaipur-and-delhi-start-at-rs-11-for-a-round-trip-or-one-way-cab-ride/,https://www.hellomycabs.com/jaipur-to-delhi-cab,301,false,false
hellomycab.com/taxi-services-in-jaipur-and-delhi-start-at-rs-11-for-a-round-trip-or-one-way-cab-ride,https://www.hellomycabs.com/jaipur-to-delhi-cab,301,false,false
hellomycab.com/experience-a-hassle-free-journey-with-our-jaipur-to-delhi-airport-taxi-service/,https://www.hellomycabs.com/jaipur-to-delhi-airport-cab,301,false,false
hellomycab.com/experience-a-hassle-free-journey-with-our-jaipur-to-delhi-airport-taxi-service,https://www.hellomycabs.com/jaipur-to-delhi-airport-cab,301,false,false
hellomycab.com/hello-my-cab-your-reliable-and-affordable-taxi-service-in-jaipur/,https://www.hellomycabs.com/cab-service-in-jaipur,301,false,false
hellomycab.com/hello-my-cab-your-reliable-and-affordable-taxi-service-in-jaipur,https://www.hellomycabs.com/cab-service-in-jaipur,301,false,false
hellomycab.com/taxi-services/,https://www.hellomycabs.com/routes,301,false,false
hellomycab.com/taxi-services,https://www.hellomycabs.com/routes,301,false,false
www.hellomycab.com/,https://www.hellomycabs.com/,301,false,false
www.hellomycab.com/about-us/,https://www.hellomycabs.com/about,301,false,false
www.hellomycab.com/about-us,https://www.hellomycabs.com/about,301,false,false
www.hellomycab.com/our-routes/,https://www.hellomycabs.com/routes,301,false,false
www.hellomycab.com/our-routes,https://www.hellomycabs.com/routes,301,false,false
www.hellomycab.com/blog/,https://www.hellomycabs.com/guides,301,false,false
www.hellomycab.com/blog,https://www.hellomycabs.com/guides,301,false,false
www.hellomycab.com/contact-us/,https://www.hellomycabs.com/contact,301,false,false
www.hellomycab.com/contact-us,https://www.hellomycabs.com/contact,301,false,false
www.hellomycab.com/jaipur-to-delhi-taxi-service/,https://www.hellomycabs.com/jaipur-to-delhi-cab,301,false,false
www.hellomycab.com/jaipur-to-delhi-taxi-service,https://www.hellomycabs.com/jaipur-to-delhi-cab,301,false,false
www.hellomycab.com/delhi-to-agra-taxi/,https://www.hellomycabs.com/delhi-to-agra-cab,301,false,false
www.hellomycab.com/delhi-to-agra-taxi,https://www.hellomycabs.com/delhi-to-agra-cab,301,false,false
www.hellomycab.com/delhi-to-ajmer/,https://www.hellomycabs.com/delhi-to-ajmer-cab,301,false,false
www.hellomycab.com/delhi-to-ajmer,https://www.hellomycabs.com/delhi-to-ajmer-cab,301,false,false
www.hellomycab.com/delhi-to-bikaner/,https://www.hellomycabs.com/cab-service-in-delhi,301,false,false
www.hellomycab.com/delhi-to-bikaner,https://www.hellomycabs.com/cab-service-in-delhi,301,false,false
www.hellomycab.com/delhi-to-chandigarh/,https://www.hellomycabs.com/delhi-to-chandigarh-cab,301,false,false
www.hellomycab.com/delhi-to-chandigarh,https://www.hellomycabs.com/delhi-to-chandigarh-cab,301,false,false
www.hellomycab.com/delhi-to-lucknow/,https://www.hellomycabs.com/cab-service-in-delhi,301,false,false
www.hellomycab.com/delhi-to-lucknow,https://www.hellomycabs.com/cab-service-in-delhi,301,false,false
www.hellomycab.com/delhi-to-khatu-shyam-ji-taxi-service/,https://www.hellomycabs.com/cab-service-in-delhi,301,false,false
www.hellomycab.com/delhi-to-khatu-shyam-ji-taxi-service,https://www.hellomycabs.com/cab-service-in-delhi,301,false,false
www.hellomycab.com/jaipur-to-agra/,https://www.hellomycabs.com/jaipur-to-agra-cab,301,false,false
www.hellomycab.com/jaipur-to-agra,https://www.hellomycabs.com/jaipur-to-agra-cab,301,false,false
www.hellomycab.com/delhi-to-jodhpur/,https://www.hellomycabs.com/cab-service-in-delhi,301,false,false
www.hellomycab.com/delhi-to-jodhpur,https://www.hellomycabs.com/cab-service-in-delhi,301,false,false
www.hellomycab.com/delhi-to-kota/,https://www.hellomycabs.com/delhi-to-kota-cab,301,false,false
www.hellomycab.com/delhi-to-kota,https://www.hellomycabs.com/delhi-to-kota-cab,301,false,false
www.hellomycab.com/delhi-to-udaipur/,https://www.hellomycabs.com/cab-service-in-delhi,301,false,false
www.hellomycab.com/delhi-to-udaipur,https://www.hellomycabs.com/cab-service-in-delhi,301,false,false
www.hellomycab.com/delhi-to-haridwar/,https://www.hellomycabs.com/delhi-to-haridwar-cab,301,false,false
www.hellomycab.com/delhi-to-haridwar,https://www.hellomycabs.com/delhi-to-haridwar-cab,301,false,false
www.hellomycab.com/delhi-to-tonk/,https://www.hellomycabs.com/cab-service-in-delhi,301,false,false
www.hellomycab.com/delhi-to-tonk,https://www.hellomycabs.com/cab-service-in-delhi,301,false,false
www.hellomycab.com/delhi-to-jaipur-taxi/,https://www.hellomycabs.com/delhi-to-jaipur-cab,301,false,false
www.hellomycab.com/delhi-to-jaipur-taxi,https://www.hellomycabs.com/delhi-to-jaipur-cab,301,false,false
www.hellomycab.com/noida-to-jaipur/,https://www.hellomycabs.com/noida-to-jaipur-cab,301,false,false
www.hellomycab.com/noida-to-jaipur,https://www.hellomycabs.com/noida-to-jaipur-cab,301,false,false
www.hellomycab.com/ghaziabad-to-jaipur/,https://www.hellomycabs.com/noida-to-jaipur-cab,301,false,false
www.hellomycab.com/ghaziabad-to-jaipur,https://www.hellomycabs.com/noida-to-jaipur-cab,301,false,false
www.hellomycab.com/faridabad-to-jaipur/,https://www.hellomycabs.com/delhi-to-jaipur-cab,301,false,false
www.hellomycab.com/faridabad-to-jaipur,https://www.hellomycabs.com/delhi-to-jaipur-cab,301,false,false
www.hellomycab.com/gurugram-to-jaipur/,https://www.hellomycabs.com/delhi-to-jaipur-cab,301,false,false
www.hellomycab.com/gurugram-to-jaipur,https://www.hellomycabs.com/delhi-to-jaipur-cab,301,false,false
www.hellomycab.com/jaipur-to-udaipur-taxi/,https://www.hellomycabs.com/jaipur-to-udaipur-cab,301,false,false
www.hellomycab.com/jaipur-to-udaipur-taxi,https://www.hellomycabs.com/jaipur-to-udaipur-cab,301,false,false
www.hellomycab.com/jaipur-to-ajmer-one-way-taxi/,https://www.hellomycabs.com/jaipur-to-ajmer-cab,301,false,false
www.hellomycab.com/jaipur-to-ajmer-one-way-taxi,https://www.hellomycabs.com/jaipur-to-ajmer-cab,301,false,false
www.hellomycab.com/jaipur-to-pushkar-taxi/,https://www.hellomycabs.com/cab-service-in-jaipur,301,false,false
www.hellomycab.com/jaipur-to-pushkar-taxi,https://www.hellomycabs.com/cab-service-in-jaipur,301,false,false
www.hellomycab.com/jaipur-to-bhilwara-one-way-taxi/,https://www.hellomycabs.com/cab-service-in-jaipur,301,false,false
www.hellomycab.com/jaipur-to-bhilwara-one-way-taxi,https://www.hellomycabs.com/cab-service-in-jaipur,301,false,false
www.hellomycab.com/jaipur-to-beawar-one-way-taxi/,https://www.hellomycabs.com/cab-service-in-jaipur,301,false,false
www.hellomycab.com/jaipur-to-beawar-one-way-taxi,https://www.hellomycabs.com/cab-service-in-jaipur,301,false,false
www.hellomycab.com/jaipur-to-tonk-one-way-taxi/,https://www.hellomycabs.com/cab-service-in-jaipur,301,false,false
www.hellomycab.com/jaipur-to-tonk-one-way-taxi,https://www.hellomycabs.com/cab-service-in-jaipur,301,false,false
www.hellomycab.com/jaipur-to-niwai-one-way-taxi/,https://www.hellomycabs.com/cab-service-in-jaipur,301,false,false
www.hellomycab.com/jaipur-to-niwai-one-way-taxi,https://www.hellomycabs.com/cab-service-in-jaipur,301,false,false
www.hellomycab.com/jaipur-to-ranthambore-one-way-taxi/,https://www.hellomycabs.com/cab-service-in-jaipur,301,false,false
www.hellomycab.com/jaipur-to-ranthambore-one-way-taxi,https://www.hellomycabs.com/cab-service-in-jaipur,301,false,false
www.hellomycab.com/jaipur-to-bundi-one-way-taxi/,https://www.hellomycabs.com/cab-service-in-jaipur,301,false,false
www.hellomycab.com/jaipur-to-bundi-one-way-taxi,https://www.hellomycabs.com/cab-service-in-jaipur,301,false,false
www.hellomycab.com/jaipur-to-kota-one-way-taxi/,https://www.hellomycabs.com/jaipur-to-kota-cab,301,false,false
www.hellomycab.com/jaipur-to-kota-one-way-taxi,https://www.hellomycabs.com/jaipur-to-kota-cab,301,false,false
www.hellomycab.com/jaipur-to-jhalawar-one-way-taxi/,https://www.hellomycabs.com/cab-service-in-jaipur,301,false,false
www.hellomycab.com/jaipur-to-jhalawar-one-way-taxi,https://www.hellomycabs.com/cab-service-in-jaipur,301,false,false
www.hellomycab.com/jaipur-to-malpura/,https://www.hellomycabs.com/cab-service-in-jaipur,301,false,false
www.hellomycab.com/jaipur-to-malpura,https://www.hellomycabs.com/cab-service-in-jaipur,301,false,false
www.hellomycab.com/jaipur-to-dewali/,https://www.hellomycabs.com/cab-service-in-jaipur,301,false,false
www.hellomycab.com/jaipur-to-dewali,https://www.hellomycabs.com/cab-service-in-jaipur,301,false,false
www.hellomycab.com/jaipur-to-manhorpur/,https://www.hellomycabs.com/cab-service-in-jaipur,301,false,false
www.hellomycab.com/jaipur-to-manhorpur,https://www.hellomycabs.com/cab-service-in-jaipur,301,false,false
www.hellomycab.com/jaipur-to-kotputli/,https://www.hellomycabs.com/cab-service-in-jaipur,301,false,false
www.hellomycab.com/jaipur-to-kotputli,https://www.hellomycabs.com/cab-service-in-jaipur,301,false,false
www.hellomycab.com/jaipur-to-alwar/,https://www.hellomycabs.com/cab-service-in-jaipur,301,false,false
www.hellomycab.com/jaipur-to-alwar,https://www.hellomycabs.com/cab-service-in-jaipur,301,false,false
www.hellomycab.com/jaipur-to-bharatpur-taxi/,https://www.hellomycabs.com/cab-service-in-jaipur,301,false,false
www.hellomycab.com/jaipur-to-bharatpur-taxi,https://www.hellomycabs.com/cab-service-in-jaipur,301,false,false
www.hellomycab.com/jaipur-to-dholpur/,https://www.hellomycabs.com/cab-service-in-jaipur,301,false,false
www.hellomycab.com/jaipur-to-dholpur,https://www.hellomycabs.com/cab-service-in-jaipur,301,false,false
www.hellomycab.com/jaipur-to-dausa-taxi/,https://www.hellomycabs.com/cab-service-in-jaipur,301,false,false
www.hellomycab.com/jaipur-to-dausa-taxi,https://www.hellomycabs.com/cab-service-in-jaipur,301,false,false
www.hellomycab.com/jaipur-to-behror/,https://www.hellomycabs.com/cab-service-in-jaipur,301,false,false
www.hellomycab.com/jaipur-to-behror,https://www.hellomycabs.com/cab-service-in-jaipur,301,false,false
www.hellomycab.com/jaipur-to-sikar/,https://www.hellomycabs.com/jaipur-to-sikar-cab,301,false,false
www.hellomycab.com/jaipur-to-sikar,https://www.hellomycabs.com/jaipur-to-sikar-cab,301,false,false
www.hellomycab.com/jaipur-to-khatushyamji/,https://www.hellomycabs.com/cab-service-in-jaipur,301,false,false
www.hellomycab.com/jaipur-to-khatushyamji,https://www.hellomycabs.com/cab-service-in-jaipur,301,false,false
www.hellomycab.com/jaipur-to-chomu-taxi/,https://www.hellomycabs.com/cab-service-in-jaipur,301,false,false
www.hellomycab.com/jaipur-to-chomu-taxi,https://www.hellomycabs.com/cab-service-in-jaipur,301,false,false
www.hellomycab.com/jaipur-to-bikaner-taxi/,https://www.hellomycabs.com/cab-service-in-jaipur,301,false,false
www.hellomycab.com/jaipur-to-bikaner-taxi,https://www.hellomycabs.com/cab-service-in-jaipur,301,false,false
www.hellomycab.com/jaipur-to-jodhpur/,https://www.hellomycabs.com/jaipur-to-jodhpur-cab,301,false,false
www.hellomycab.com/jaipur-to-jodhpur,https://www.hellomycabs.com/jaipur-to-jodhpur-cab,301,false,false
www.hellomycab.com/jaipur-to-pali/,https://www.hellomycabs.com/cab-service-in-jaipur,301,false,false
www.hellomycab.com/jaipur-to-pali,https://www.hellomycabs.com/cab-service-in-jaipur,301,false,false
www.hellomycab.com/jaipur-to-sosajet/,https://www.hellomycabs.com/cab-service-in-jaipur,301,false,false
www.hellomycab.com/jaipur-to-sosajet,https://www.hellomycabs.com/cab-service-in-jaipur,301,false,false
www.hellomycab.com/jaipur-to-jaisalmer-taxi/,https://www.hellomycabs.com/cab-service-in-jaipur,301,false,false
www.hellomycab.com/jaipur-to-jaisalmer-taxi,https://www.hellomycabs.com/cab-service-in-jaipur,301,false,false
www.hellomycab.com/jaipur-to-ahmedabad-taxi/,https://www.hellomycabs.com/cab-service-in-jaipur,301,false,false
www.hellomycab.com/jaipur-to-ahmedabad-taxi,https://www.hellomycabs.com/cab-service-in-jaipur,301,false,false
www.hellomycab.com/jaipur-to-haridwar-taxi/,https://www.hellomycabs.com/jaipur-to-haridwar-cab,301,false,false
www.hellomycab.com/jaipur-to-haridwar-taxi,https://www.hellomycabs.com/jaipur-to-haridwar-cab,301,false,false
www.hellomycab.com/jaipur-to-lucknow/,https://www.hellomycabs.com/cab-service-in-jaipur,301,false,false
www.hellomycab.com/jaipur-to-lucknow,https://www.hellomycabs.com/cab-service-in-jaipur,301,false,false
www.hellomycab.com/jaipur-to-kanpur/,https://www.hellomycabs.com/cab-service-in-jaipur,301,false,false
www.hellomycab.com/jaipur-to-kanpur,https://www.hellomycabs.com/cab-service-in-jaipur,301,false,false
www.hellomycab.com/jaipur-to-bareilly/,https://www.hellomycabs.com/cab-service-in-jaipur,301,false,false
www.hellomycab.com/jaipur-to-bareilly,https://www.hellomycabs.com/cab-service-in-jaipur,301,false,false
www.hellomycab.com/jaipur-to-aligarh/,https://www.hellomycabs.com/cab-service-in-jaipur,301,false,false
www.hellomycab.com/jaipur-to-aligarh,https://www.hellomycabs.com/cab-service-in-jaipur,301,false,false
www.hellomycab.com/jaipur-to-rishikesh/,https://www.hellomycabs.com/cab-service-in-jaipur,301,false,false
www.hellomycab.com/jaipur-to-rishikesh,https://www.hellomycabs.com/cab-service-in-jaipur,301,false,false
www.hellomycab.com/jaipur-to-meerut/,https://www.hellomycabs.com/cab-service-in-jaipur,301,false,false
www.hellomycab.com/jaipur-to-meerut,https://www.hellomycabs.com/cab-service-in-jaipur,301,false,false
www.hellomycab.com/jaipur-to-ganganagar/,https://www.hellomycabs.com/cab-service-in-jaipur,301,false,false
www.hellomycab.com/jaipur-to-ganganagar,https://www.hellomycabs.com/cab-service-in-jaipur,301,false,false
www.hellomycab.com/jaipur-to-jhunjhunu/,https://www.hellomycabs.com/cab-service-in-jaipur,301,false,false
www.hellomycab.com/jaipur-to-jhunjhunu,https://www.hellomycabs.com/cab-service-in-jaipur,301,false,false
www.hellomycab.com/jaipur-to-pilani/,https://www.hellomycabs.com/cab-service-in-jaipur,301,false,false
www.hellomycab.com/jaipur-to-pilani,https://www.hellomycabs.com/cab-service-in-jaipur,301,false,false
www.hellomycab.com/ajmer-to-pushkar-one-way-taxi/,https://www.hellomycabs.com/cab-service-in-ajmer,301,false,false
www.hellomycab.com/ajmer-to-pushkar-one-way-taxi,https://www.hellomycabs.com/cab-service-in-ajmer,301,false,false
www.hellomycab.com/ajmer-to-bhilwara-one-way-taxi/,https://www.hellomycabs.com/cab-service-in-ajmer,301,false,false
www.hellomycab.com/ajmer-to-bhilwara-one-way-taxi,https://www.hellomycabs.com/cab-service-in-ajmer,301,false,false
www.hellomycab.com/ajmer-to-beawar-one-way-taxi/,https://www.hellomycabs.com/cab-service-in-ajmer,301,false,false
www.hellomycab.com/ajmer-to-beawar-one-way-taxi,https://www.hellomycabs.com/cab-service-in-ajmer,301,false,false
www.hellomycab.com/ajmer-to-tonk-one-way-taxi/,https://www.hellomycabs.com/cab-service-in-ajmer,301,false,false
www.hellomycab.com/ajmer-to-tonk-one-way-taxi,https://www.hellomycabs.com/cab-service-in-ajmer,301,false,false
www.hellomycab.com/ajmer-to-niwai-one-way-taxi/,https://www.hellomycabs.com/cab-service-in-ajmer,301,false,false
www.hellomycab.com/ajmer-to-niwai-one-way-taxi,https://www.hellomycabs.com/cab-service-in-ajmer,301,false,false
www.hellomycab.com/ajmer-to-ranthambore-one-way-taxi/,https://www.hellomycabs.com/cab-service-in-ajmer,301,false,false
www.hellomycab.com/ajmer-to-ranthambore-one-way-taxi,https://www.hellomycabs.com/cab-service-in-ajmer,301,false,false
www.hellomycab.com/ajmer-to-bundi-one-way-taxi/,https://www.hellomycabs.com/cab-service-in-ajmer,301,false,false
www.hellomycab.com/ajmer-to-bundi-one-way-taxi,https://www.hellomycabs.com/cab-service-in-ajmer,301,false,false
www.hellomycab.com/ajmer-to-kota-one-way-taxi/,https://www.hellomycabs.com/ajmer-to-kota-cab,301,false,false
www.hellomycab.com/ajmer-to-kota-one-way-taxi,https://www.hellomycabs.com/ajmer-to-kota-cab,301,false,false
www.hellomycab.com/ajmer-to-jhalwer-one-way-taxi/,https://www.hellomycabs.com/cab-service-in-ajmer,301,false,false
www.hellomycab.com/ajmer-to-jhalwer-one-way-taxi,https://www.hellomycabs.com/cab-service-in-ajmer,301,false,false
www.hellomycab.com/ajmer-to-malpura/,https://www.hellomycabs.com/cab-service-in-ajmer,301,false,false
www.hellomycab.com/ajmer-to-malpura,https://www.hellomycabs.com/cab-service-in-ajmer,301,false,false
www.hellomycab.com/ajmer-to-dewali/,https://www.hellomycabs.com/cab-service-in-ajmer,301,false,false
www.hellomycab.com/ajmer-to-dewali,https://www.hellomycabs.com/cab-service-in-ajmer,301,false,false
www.hellomycab.com/ajmer-to-manoharpur/,https://www.hellomycabs.com/cab-service-in-ajmer,301,false,false
www.hellomycab.com/ajmer-to-manoharpur,https://www.hellomycabs.com/cab-service-in-ajmer,301,false,false
www.hellomycab.com/ajmer-to-kotputli/,https://www.hellomycabs.com/cab-service-in-ajmer,301,false,false
www.hellomycab.com/ajmer-to-kotputli,https://www.hellomycabs.com/cab-service-in-ajmer,301,false,false
www.hellomycab.com/ajmer-to-alwar-taxi/,https://www.hellomycabs.com/cab-service-in-ajmer,301,false,false
www.hellomycab.com/ajmer-to-alwar-taxi,https://www.hellomycabs.com/cab-service-in-ajmer,301,false,false
www.hellomycab.com/ajmer-to-bharatpur-taxi/,https://www.hellomycabs.com/cab-service-in-ajmer,301,false,false
www.hellomycab.com/ajmer-to-bharatpur-taxi,https://www.hellomycabs.com/cab-service-in-ajmer,301,false,false
www.hellomycab.com/ajmer-to-dholpur/,https://www.hellomycabs.com/cab-service-in-ajmer,301,false,false
www.hellomycab.com/ajmer-to-dholpur,https://www.hellomycabs.com/cab-service-in-ajmer,301,false,false
www.hellomycab.com/ajmer-to-dausa/,https://www.hellomycabs.com/cab-service-in-ajmer,301,false,false
www.hellomycab.com/ajmer-to-dausa,https://www.hellomycabs.com/cab-service-in-ajmer,301,false,false
www.hellomycab.com/ajmer-to-behror-taxi/,https://www.hellomycabs.com/cab-service-in-ajmer,301,false,false
www.hellomycab.com/ajmer-to-behror-taxi,https://www.hellomycabs.com/cab-service-in-ajmer,301,false,false
www.hellomycab.com/ajmer-to-sikar-taxi-service/,https://www.hellomycabs.com/ajmer-to-sikar-cab,301,false,false
www.hellomycab.com/ajmer-to-sikar-taxi-service,https://www.hellomycabs.com/ajmer-to-sikar-cab,301,false,false
www.hellomycab.com/ajmer-to-khatushyamji/,https://www.hellomycabs.com/cab-service-in-ajmer,301,false,false
www.hellomycab.com/ajmer-to-khatushyamji,https://www.hellomycabs.com/cab-service-in-ajmer,301,false,false
www.hellomycab.com/ajmer-to-chomu/,https://www.hellomycabs.com/cab-service-in-ajmer,301,false,false
www.hellomycab.com/ajmer-to-chomu,https://www.hellomycabs.com/cab-service-in-ajmer,301,false,false
www.hellomycab.com/ajmer-to-bikaner-taxi/,https://www.hellomycabs.com/cab-service-in-ajmer,301,false,false
www.hellomycab.com/ajmer-to-bikaner-taxi,https://www.hellomycabs.com/cab-service-in-ajmer,301,false,false
www.hellomycab.com/ajmer-to-jodhpur/,https://www.hellomycabs.com/cab-service-in-ajmer,301,false,false
www.hellomycab.com/ajmer-to-jodhpur,https://www.hellomycabs.com/cab-service-in-ajmer,301,false,false
www.hellomycab.com/ajmer-to-pali/,https://www.hellomycabs.com/cab-service-in-ajmer,301,false,false
www.hellomycab.com/ajmer-to-pali,https://www.hellomycabs.com/cab-service-in-ajmer,301,false,false
www.hellomycab.com/ajmer-to-sosajet/,https://www.hellomycabs.com/cab-service-in-ajmer,301,false,false
www.hellomycab.com/ajmer-to-sosajet,https://www.hellomycabs.com/cab-service-in-ajmer,301,false,false
www.hellomycab.com/ajmer-to-jasilmer/,https://www.hellomycabs.com/cab-service-in-ajmer,301,false,false
www.hellomycab.com/ajmer-to-jasilmer,https://www.hellomycabs.com/cab-service-in-ajmer,301,false,false
www.hellomycab.com/ajmer-to-udaipur/,https://www.hellomycabs.com/cab-service-in-ajmer,301,false,false
www.hellomycab.com/ajmer-to-udaipur,https://www.hellomycabs.com/cab-service-in-ajmer,301,false,false
www.hellomycab.com/ajmer-to-ahemdabad-taxi/,https://www.hellomycabs.com/cab-service-in-ajmer,301,false,false
www.hellomycab.com/ajmer-to-ahemdabad-taxi,https://www.hellomycabs.com/cab-service-in-ajmer,301,false,false
www.hellomycab.com/ajmer-to-haridwar/,https://www.hellomycabs.com/ajmer-to-haridwar-cab,301,false,false
www.hellomycab.com/ajmer-to-haridwar,https://www.hellomycabs.com/ajmer-to-haridwar-cab,301,false,false
www.hellomycab.com/ajmer-to-lucknow-taxi-service/,https://www.hellomycabs.com/cab-service-in-ajmer,301,false,false
www.hellomycab.com/ajmer-to-lucknow-taxi-service,https://www.hellomycabs.com/cab-service-in-ajmer,301,false,false
www.hellomycab.com/ajmer-to-kanpur/,https://www.hellomycabs.com/cab-service-in-ajmer,301,false,false
www.hellomycab.com/ajmer-to-kanpur,https://www.hellomycabs.com/cab-service-in-ajmer,301,false,false
www.hellomycab.com/ajmer-to-bareilly-taxi/,https://www.hellomycabs.com/cab-service-in-ajmer,301,false,false
www.hellomycab.com/ajmer-to-bareilly-taxi,https://www.hellomycabs.com/cab-service-in-ajmer,301,false,false
www.hellomycab.com/ajmer-to-aligarh/,https://www.hellomycabs.com/cab-service-in-ajmer,301,false,false
www.hellomycab.com/ajmer-to-aligarh,https://www.hellomycabs.com/cab-service-in-ajmer,301,false,false
www.hellomycab.com/ajmer-to-rishikesh/,https://www.hellomycabs.com/cab-service-in-ajmer,301,false,false
www.hellomycab.com/ajmer-to-rishikesh,https://www.hellomycabs.com/cab-service-in-ajmer,301,false,false
www.hellomycab.com/ajmer-to-meerut/,https://www.hellomycabs.com/cab-service-in-ajmer,301,false,false
www.hellomycab.com/ajmer-to-meerut,https://www.hellomycabs.com/cab-service-in-ajmer,301,false,false
www.hellomycab.com/ajmer-to-ganganagar/,https://www.hellomycabs.com/cab-service-in-ajmer,301,false,false
www.hellomycab.com/ajmer-to-ganganagar,https://www.hellomycabs.com/cab-service-in-ajmer,301,false,false
www.hellomycab.com/ajmer-to-jhunjhunu-taxi/,https://www.hellomycabs.com/cab-service-in-ajmer,301,false,false
www.hellomycab.com/ajmer-to-jhunjhunu-taxi,https://www.hellomycabs.com/cab-service-in-ajmer,301,false,false
www.hellomycab.com/ajmer-to-palani/,https://www.hellomycabs.com/cab-service-in-ajmer,301,false,false
www.hellomycab.com/ajmer-to-palani,https://www.hellomycabs.com/cab-service-in-ajmer,301,false,false
www.hellomycab.com/taxi-service-in-ajmer/,https://www.hellomycabs.com/cab-service-in-ajmer,301,false,false
www.hellomycab.com/taxi-service-in-ajmer,https://www.hellomycabs.com/cab-service-in-ajmer,301,false,false
www.hellomycab.com/jaipur-taxi-service/,https://www.hellomycabs.com/cab-service-in-jaipur,301,false,false
www.hellomycab.com/jaipur-taxi-service,https://www.hellomycabs.com/cab-service-in-jaipur,301,false,false
www.hellomycab.com/kota/,https://www.hellomycabs.com/cab-service-in-kota,301,false,false
www.hellomycab.com/kota,https://www.hellomycabs.com/cab-service-in-kota,301,false,false
www.hellomycab.com/kota-to-jaipur-taxi-service/,https://www.hellomycabs.com/kota-to-jaipur-cab,301,false,false
www.hellomycab.com/kota-to-jaipur-taxi-service,https://www.hellomycabs.com/kota-to-jaipur-cab,301,false,false
www.hellomycab.com/kota-to-jodhpur-taxi/,https://www.hellomycabs.com/cab-service-in-kota,301,false,false
www.hellomycab.com/kota-to-jodhpur-taxi,https://www.hellomycabs.com/cab-service-in-kota,301,false,false
www.hellomycab.com/kota-to-udaipur-taxi/,https://www.hellomycabs.com/cab-service-in-kota,301,false,false
www.hellomycab.com/kota-to-udaipur-taxi,https://www.hellomycabs.com/cab-service-in-kota,301,false,false
www.hellomycab.com/kota-to-delhi-taxi/,https://www.hellomycabs.com/kota-to-delhi-cab,301,false,false
www.hellomycab.com/kota-to-delhi-taxi,https://www.hellomycabs.com/kota-to-delhi-cab,301,false,false
www.hellomycab.com/kota-to-haridwar-taxi/,https://www.hellomycabs.com/kota-to-haridwar-cab,301,false,false
www.hellomycab.com/kota-to-haridwar-taxi,https://www.hellomycabs.com/kota-to-haridwar-cab,301,false,false
www.hellomycab.com/kota-to-ajmer-taxi/,https://www.hellomycabs.com/kota-to-ajmer-cab,301,false,false
www.hellomycab.com/kota-to-ajmer-taxi,https://www.hellomycabs.com/kota-to-ajmer-cab,301,false,false
www.hellomycab.com/kota-to-bikaner-taxi/,https://www.hellomycabs.com/cab-service-in-kota,301,false,false
www.hellomycab.com/kota-to-bikaner-taxi,https://www.hellomycabs.com/cab-service-in-kota,301,false,false
www.hellomycab.com/kota-to-ahemdabad-taxi/,https://www.hellomycabs.com/cab-service-in-kota,301,false,false
www.hellomycab.com/kota-to-ahemdabad-taxi,https://www.hellomycabs.com/cab-service-in-kota,301,false,false
www.hellomycab.com/kota-to-sikar-taxi/,https://www.hellomycabs.com/kota-to-sikar-cab,301,false,false
www.hellomycab.com/kota-to-sikar-taxi,https://www.hellomycabs.com/kota-to-sikar-cab,301,false,false
www.hellomycab.com/kota-to-pali-taxi/,https://www.hellomycabs.com/cab-service-in-kota,301,false,false
www.hellomycab.com/kota-to-pali-taxi,https://www.hellomycabs.com/cab-service-in-kota,301,false,false
www.hellomycab.com/kota-to-bhilwara-taxi/,https://www.hellomycabs.com/cab-service-in-kota,301,false,false
www.hellomycab.com/kota-to-bhilwara-taxi,https://www.hellomycabs.com/cab-service-in-kota,301,false,false
www.hellomycab.com/kota-to-jaisalmer-taxi/,https://www.hellomycabs.com/cab-service-in-kota,301,false,false
www.hellomycab.com/kota-to-jaisalmer-taxi,https://www.hellomycabs.com/cab-service-in-kota,301,false,false
www.hellomycab.com/kota-to-bhopal-taxi/,https://www.hellomycabs.com/cab-service-in-kota,301,false,false
www.hellomycab.com/kota-to-bhopal-taxi,https://www.hellomycabs.com/cab-service-in-kota,301,false,false
www.hellomycab.com/kota-to-indore-taxi/,https://www.hellomycabs.com/cab-service-in-kota,301,false,false
www.hellomycab.com/kota-to-indore-taxi,https://www.hellomycabs.com/cab-service-in-kota,301,false,false
www.hellomycab.com/jaipur-to-delhi-taxi-service-one-way-round-trip-cabs-at-best-prices/,https://www.hellomycabs.com/jaipur-to-delhi-cab,301,false,false
www.hellomycab.com/jaipur-to-delhi-taxi-service-one-way-round-trip-cabs-at-best-prices,https://www.hellomycabs.com/jaipur-to-delhi-cab,301,false,false
www.hellomycab.com/book-one-way-taxi-services-at-lowest-fare-hellomycab-com/,https://www.hellomycabs.com/guides/one-way-or-round-trip,301,false,false
www.hellomycab.com/book-one-way-taxi-services-at-lowest-fare-hellomycab-com,https://www.hellomycabs.com/guides/one-way-or-round-trip,301,false,false
www.hellomycab.com/jaipur-airport-taxi-cabs-to-from-airport-local-outstation-hellomycab-com/,https://www.hellomycabs.com/cab-service-in-jaipur,301,false,false
www.hellomycab.com/jaipur-airport-taxi-cabs-to-from-airport-local-outstation-hellomycab-com,https://www.hellomycabs.com/cab-service-in-jaipur,301,false,false
www.hellomycab.com/taxi-services-in-jaipur-and-delhi-start-at-rs-11-for-a-round-trip-or-one-way-cab-ride/,https://www.hellomycabs.com/jaipur-to-delhi-cab,301,false,false
www.hellomycab.com/taxi-services-in-jaipur-and-delhi-start-at-rs-11-for-a-round-trip-or-one-way-cab-ride,https://www.hellomycabs.com/jaipur-to-delhi-cab,301,false,false
www.hellomycab.com/experience-a-hassle-free-journey-with-our-jaipur-to-delhi-airport-taxi-service/,https://www.hellomycabs.com/jaipur-to-delhi-airport-cab,301,false,false
www.hellomycab.com/experience-a-hassle-free-journey-with-our-jaipur-to-delhi-airport-taxi-service,https://www.hellomycabs.com/jaipur-to-delhi-airport-cab,301,false,false
www.hellomycab.com/hello-my-cab-your-reliable-and-affordable-taxi-service-in-jaipur/,https://www.hellomycabs.com/cab-service-in-jaipur,301,false,false
www.hellomycab.com/hello-my-cab-your-reliable-and-affordable-taxi-service-in-jaipur,https://www.hellomycabs.com/cab-service-in-jaipur,301,false,false
www.hellomycab.com/taxi-services/,https://www.hellomycabs.com/routes,301,false,false
www.hellomycab.com/taxi-services,https://www.hellomycabs.com/routes,301,false,false
